/*
SQLyog Community v13.2.0 (64 bit)
MySQL - 10.4.28-MariaDB : Database - petmily
*********************************************************************
*/

/*!40101 SET NAMES utf8 */;

/*!40101 SET SQL_MODE=''*/;

/*!40014 SET @OLD_UNIQUE_CHECKS=@@UNIQUE_CHECKS, UNIQUE_CHECKS=0 */;
/*!40014 SET @OLD_FOREIGN_KEY_CHECKS=@@FOREIGN_KEY_CHECKS, FOREIGN_KEY_CHECKS=0 */;
/*!40101 SET @OLD_SQL_MODE=@@SQL_MODE, SQL_MODE='NO_AUTO_VALUE_ON_ZERO' */;
/*!40111 SET @OLD_SQL_NOTES=@@SQL_NOTES, SQL_NOTES=0 */;
CREATE DATABASE /*!32312 IF NOT EXISTS*/`petmily` /*!40100 DEFAULT CHARACTER SET utf8mb4 COLLATE utf8mb4_general_ci */;

USE `petmily`;

/*Table structure for table `answer` */

DROP TABLE IF EXISTS `answer`;

CREATE TABLE `answer` (
  `id` int(11) NOT NULL AUTO_INCREMENT,
  `content` text DEFAULT NULL,
  `create_date` datetime(6) DEFAULT NULL,
  `modify_date` datetime(6) DEFAULT NULL,
  `author_id` bigint(20) DEFAULT NULL,
  `question_id` int(11) DEFAULT NULL,
  PRIMARY KEY (`id`),
  KEY `FK1bs3s37kp8qthx9vwrphr0epu` (`author_id`),
  KEY `FK8frr4bcabmmeyyu60qt7iiblo` (`question_id`),
  CONSTRAINT `FK1bs3s37kp8qthx9vwrphr0epu` FOREIGN KEY (`author_id`) REFERENCES `site_user` (`id`),
  CONSTRAINT `FK8frr4bcabmmeyyu60qt7iiblo` FOREIGN KEY (`question_id`) REFERENCES `question` (`id`)
) ENGINE=InnoDB AUTO_INCREMENT=4 DEFAULT CHARSET=utf8mb4 COLLATE=utf8mb4_general_ci;

/*Data for the table `answer` */

insert  into `answer`(`id`,`content`,`create_date`,`modify_date`,`author_id`,`question_id`) values 
(1,'이게 팁 게시판 답변','2023-09-21 22:36:55.351697',NULL,2,1),
(3,'이게 팁 게시판 탑변 2','2023-09-23 22:47:23.326071',NULL,2,1);

/*Table structure for table `answer_voter` */

DROP TABLE IF EXISTS `answer_voter`;

CREATE TABLE `answer_voter` (
  `answer_id` int(11) NOT NULL,
  `voter_id` bigint(20) NOT NULL,
  PRIMARY KEY (`answer_id`,`voter_id`),
  KEY `FKl11k2qjfyl8hrvh5am4obsolt` (`voter_id`),
  CONSTRAINT `FKba6wmkj74k29bxm7877w4u6g5` FOREIGN KEY (`answer_id`) REFERENCES `answer` (`id`),
  CONSTRAINT `FKl11k2qjfyl8hrvh5am4obsolt` FOREIGN KEY (`voter_id`) REFERENCES `site_user` (`id`)
) ENGINE=InnoDB DEFAULT CHARSET=utf8mb4 COLLATE=utf8mb4_general_ci;

/*Data for the table `answer_voter` */

/*Table structure for table `board` */

DROP TABLE IF EXISTS `board`;

CREATE TABLE `board` (
  `id` bigint(20) NOT NULL AUTO_INCREMENT,
  `code` varchar(255) DEFAULT NULL,
  `name` varchar(255) DEFAULT NULL,
  PRIMARY KEY (`id`),
  UNIQUE KEY `UK_7bd3oe2y052ujqgq9lkrdktfm` (`code`),
  UNIQUE KEY `UK_fipjuh5hisfppc2n34giej12x` (`name`)
) ENGINE=InnoDB AUTO_INCREMENT=7 DEFAULT CHARSET=utf8mb4 COLLATE=utf8mb4_general_ci;

/*Data for the table `board` */

insert  into `board`(`id`,`code`,`name`) values 
(1,'notification','공지'),
(2,'news','뉴스'),
(3,'free','자유'),
(4,'tip','팁'),
(5,'faq','FAQ'),
(6,'qna','QnA');

/*Table structure for table `comment` */

DROP TABLE IF EXISTS `comment`;

CREATE TABLE `comment` (
  `id` int(11) NOT NULL AUTO_INCREMENT,
  `content` text DEFAULT NULL,
  `create_date` datetime(6) DEFAULT NULL,
  `modify_date` datetime(6) DEFAULT NULL,
  `answer_id` int(11) DEFAULT NULL,
  `author_id` bigint(20) DEFAULT NULL,
  PRIMARY KEY (`id`),
  KEY `FKdqc83j2n6hemidegfkim17d3l` (`answer_id`),
  KEY `FKq5371rjlhewhghrvyo1yl1m5n` (`author_id`),
  CONSTRAINT `FKdqc83j2n6hemidegfkim17d3l` FOREIGN KEY (`answer_id`) REFERENCES `answer` (`id`),
  CONSTRAINT `FKq5371rjlhewhghrvyo1yl1m5n` FOREIGN KEY (`author_id`) REFERENCES `site_user` (`id`)
) ENGINE=InnoDB DEFAULT CHARSET=utf8mb4 COLLATE=utf8mb4_general_ci;

/*Data for the table `comment` */

/*Table structure for table `question` */

DROP TABLE IF EXISTS `question`;

CREATE TABLE `question` (
  `id` int(11) NOT NULL AUTO_INCREMENT,
  `content` text DEFAULT NULL,
  `create_date` datetime(6) DEFAULT NULL,
  `modify_date` datetime(6) DEFAULT NULL,
  `subject` varchar(200) DEFAULT NULL,
  `view` int(11) NOT NULL DEFAULT 0,
  `author_id` bigint(20) DEFAULT NULL,
  `board_id` bigint(20) DEFAULT NULL,
  PRIMARY KEY (`id`),
  KEY `FKol558tt304fpmksa6mgxrkyg3` (`author_id`),
  KEY `FKhtbu9jpj1bh89tpc47x4x4j4y` (`board_id`),
  CONSTRAINT `FKhtbu9jpj1bh89tpc47x4x4j4y` FOREIGN KEY (`board_id`) REFERENCES `board` (`id`),
  CONSTRAINT `FKol558tt304fpmksa6mgxrkyg3` FOREIGN KEY (`author_id`) REFERENCES `site_user` (`id`)
) ENGINE=InnoDB AUTO_INCREMENT=899 DEFAULT CHARSET=utf8mb4 COLLATE=utf8mb4_general_ci;

/*Data for the table `question` */

insert  into `question`(`id`,`content`,`create_date`,`modify_date`,`subject`,`view`,`author_id`,`board_id`) values 
(1,'sddfsds','2023-09-21 13:24:14.400121',NULL,'zdcdsf',6,1,4),
(4,'자유 게시판','2023-09-21 22:36:39.251497',NULL,'이게 ',4,2,3),
(5,'비회원 주문의 경우 직접 취소 및 주문서 변경 처리가 어렵습니다. 비회원주문 후 주문취소 및 주문서 변경을 원하실 경우 카카오톡 옐로아이디 \' 아르르 \' 또는 \'상품 Q&A\' 으로 주문자이름 , 휴대폰번호, 요청내용과 함께 문의주시면 도와드리겠습니다.\r\n*단, 이미 배송준비중일 경우에는 주문 취소가 불가합니다.','2023-09-22 09:52:57.000000',NULL,'[주문/결제] 비회원 주문시 주문취소 및 변경은 어떻게 하나요 ?',0,1,5),
(6,'먼저, 하자/오배송으로 불편을 드려 죄송합니다.\r\npetmily에서 책임을 지고 정상제품으로 교환해 드리겠습니다!\r\n잘못된 상품의 검품 및 재준비를 위해서 상품을 반드시 petmily 측으로 보내주셔야 처리가 되니, 번거로우시더라도 부탁드리겠습니다.\r\n마이페이지 > 주문내역에서 반품 신청후 하자/오배송 상품은 CJ대한통운(1588-1255)을 이용하여 착불로 보내주시면 됩니다.\r\n','2023-09-22 09:54:51.000000',NULL,'[교환/반품] 주문한 상품이 아닌 다른 상품 또는 불량상품이 배송되었습니다.',0,1,5),
(7,'환불을 위해 상품을 보내주신 경우, 고객님이 상품을 보냄 -> CJ대한통문 물류센터로 입고 (3~5일 소요) -> 아르르 본사에서 확인하는 절차로 진행이 됩니다.\r\n아르르에서 반품 상품을 확인 한 후 1~2일 내에 빠르게 처리하고 있습니다.','2023-09-22 09:56:30.000000',NULL,'[교환/반품] 반품하려고 상품을 보냈는데 언제 처리 되나요?',0,1,5),
(8,'현금영수증은 상품 주문시 결제 수단 입력란 최하단에서\r\n현금영수증 신청을 선택하여 신청하여 주시면됩니다.','2023-09-22 09:57:29.000000',NULL,'[주문/결제] 현금영수증 발급은 어떻게 하나요?',0,1,5),
(9,'petmily 고객센터(02-1234-1234)으로 운영시간에 전화주시면 빠르게 주문번호 조회 도와드리겠습니다.\r\n고객센터 운영시간 : 평일 오전10시~오후5시 (점심시간 12시30분~2시) , 주말/공휴일 휴무','2023-09-22 09:59:04.000000',NULL,'[회원] 비회원으로 주문하였는데, 주문번호가 기억나지 않아요',0,1,5),
(10,'회원가입 없이 비회원으로 구매 가능합니다.\r\n주문하실 때 비회원 구매 버튼을 눌러 주문을 해주시기 바랍니다.\r\n비회원 주문시 주문된 상품관련 내용을 확인 하실 때, \'주문번호\'와 \'주문시 설정한 비밀번호\'가 있어야하니 잘 메모해두시기 바랍니다.','2023-09-22 09:59:45.000000',NULL,'[주문/결제] 비회원 주문 가능한가요?',0,1,5),
(11,'(1) 주문금액보다 더 입금해 주신 경우\r\n-입금은행명/날짜/시간/입금금액과 원하시는 처리방법을 상품Q&A에 작성해 주시거나,\r\n고객센터(02-1234-1234)를 통해 연락을 주시면 처리해드리겠습니다.\r\n과입금 금액에 대해 환불 혹은 예치금 전환 처리 해드리고 있습니다.\r\n(2)주문금액보다 적은 금액을 입금해 주신 경우\r\n-미입금된 금액을 입금 후에, 처음 입금해주신 이력과 추후에 입금해주신 이력을 상품Q&A에 작성해 주시거나,\r\n고객센터(02-1234-1234)를 통해 연락주시면 입금 확인 가능합니다.','2023-09-22 10:01:11.000000',NULL,'[입금] 주문금액과 다른금액을 입금했어요.',0,1,5),
(12,'죄송하게도 아르르 상품은 택배수령만 가능합니다.\r\n양해부탁드립니다.','2023-09-22 10:02:08.000000',NULL,'[배송]제품을 택배가 아닌 다른방법으로 받을 수 있나요?',0,1,5),
(13,'주문상태가 \'발송\'으로 표시되면, 고객님이 주문하신 상품이 아르르 에서 물류업체로 넘어간 상태입니다.\r\n물류업체에서 출고가 되었지만 택배사 집하점의 스캔이 입력되지 않은 시간동안 배송추적이 안될 수 있습니다.\r\n발송으로 바뀐 당일의 오후 10시 이후에 조회를 해주시면 배송 추적이 가능하니 확인 부탁드리겠습니다.','2023-09-22 10:13:15.000000',NULL,'[배송] 배송상태가 ‘발송’상태 인데 배송추적이 되지 않습니다.',0,1,5),
(457,'감사합니다.','2023-09-24 00:23:40.000000',NULL,'상담톡 공지사항',0,8,1),
(458,'감사합니다.','2023-09-24 00:23:57.000000',NULL,'[CJ대한통운 파업 예정 인한 배송지연 안내]',0,8,1),
(459,'감사합니다.','2023-09-24 00:24:16.000000',NULL,'개인정보 처리방침 개정에 대한 공지사항',0,8,1),
(460,'감사합니다.','2023-09-24 00:24:33.000000',NULL,'이용약관 개정의 건',0,8,1),
(461,'감사합니다.','2023-09-24 00:24:46.000000',NULL,'카카오톡 상담하기 버튼 이용제한 일정 안내',0,8,1),
(462,'감사합니다.','2023-09-24 00:24:59.000000',NULL,'무료배송 정책 공지',0,8,1),
(463,'감사합니다.','2023-09-24 00:25:09.000000',NULL,'배송비 변경 안내',0,8,1),
(464,'감사합니다.','2023-09-24 00:25:21.000000',NULL,'반품/교환 서비스 한시적 연장 안내',0,8,1),
(465,'감사합니다.','2023-09-24 00:25:34.000000',NULL,'[2023 추석연휴] 배송일정 공지',0,8,1),
(466,'조사는 물론, 경사를 축하하는 휴가가 있는 곳도 있습니다. 하림펫푸드는 반려동물을 새 가족으로 맞이하는 직원에게 \'입양 휴가\' 1일을 지원합니다. 소정의 축하금도 지급됩니다. 반려동물 먹거리를 만드는 기업답게, 하림펫푸드는 6년 전 창립 당시부터 이런 복지를 제공했다고 합니다. 다만 지원 대상이 결혼을 하지 않는 직원으로 한정되는 경우도 있습니다. 러쉬코리아는 지난 2017년부터 \'반려동물 장례 휴가\' 1일과 월 5만 원의 반려동물 양육수당을 지급하고 있습니다. 현재까지 한 명이 장례 휴가를 다녀왔고, 양육수당은 9명이 받았습니다. 러쉬코리아 측은 \'개인의 선택과 다양성을 존중한다는 취지로 기혼자 중심의 사내 복리후생 범위를 확대한 것\'이라고 설명했습니다.','2023-09-24 00:26:50.000000',NULL,'입양 휴가도 회사마다 천차만별',0,8,2),
(467,'\'반려동물 경조 휴가\'를 보는 시선을 엇갈립니다. 사단법인 직장갑질119가 직장인 천 명을 상대로 조사해 지난해 12월 발표한 \'직장인 인식 조사\'를 보면, \' 반려동물 돌봄 지원 제도가 필요한지\'를 묻는 질문에 58.5%는 \'그렇지 않다\'는 취지로 답했습니다. \'그렇다\'는 취지로 답한 사람은 41.5%였습니다. 분명히 다른 두 개의 시선이 여전히 존재하는 겁니다. 이제 첫걸음을 뗀 \'반려동물 경조 휴가\'는 어떻게 될까요? \'반려동물 경조 휴가\'가 우리 사회 대세로 자리 잡을 수 있을지, 일부 기업의 특별한 복지 문화로 남을지 주목됩니다.','2023-09-24 00:27:47.000000',NULL,'반려동물 돌봄 지원제도 필요하지 않다 58.5% VS 필요하다 41.5%',0,8,2),
(468,'가족을 떠나보내는 경험, 가늠할 수 없는 슬픔일 겁니다. 자식처럼, 형제처럼 아끼던 반려동물을 떠나보내는 것도 마찬가지일 것이라고 얘기하는 사람들이 부쩍 늘었습니다. 롯데백화점엔 지난해 9월부터 이런 슬픔을 마주해야 할 직원을 위한 \'반려동물 장례 휴가\' 제도가 도입됐습니다. 반려동물이 죽으면 하루 휴가가 지원됩니다. 함께 사는 반려동물은 물론, 부모님 댁에서 기르는 반려동물도 포함됩니다. 롯데백화점 측은 오랜 시간 동거동락한 가족을 떠나보내는 직원들의 마음을 조금이나마 위로하기 위해 이런 제도를 도입했다고 설명했습니다.','2023-09-24 00:28:30.000000',NULL,'대기업에도 도입된 \'반려동물 장례 휴가\'',0,8,2),
(469,'반려동물로 인한 각종 사회문제가 빈발하면서 일각에서 반려동물 사육세(보유세)를 부과해야 한다는 목소리가 나오고 있다. 정부는 필요시 사육세 신설을 검토하겠다는 입장이지만 1000만명 넘는 반려인의 반발에 현실화될지는 미지수다. 28일 정부에 따르면 농림축산식품부는 최근 반려동물 사육세 신설을 요청한 국민제안에 대해 \'필요시 연구용역 등을 통해 해외사례뿐 아니라 추진 시 장단점 등을 충분히 검토해 정책 방향을 설정하겠다\'고 답변했다. 지난해 국내 반려동물 양육 인구는 602만 가구, 1306만명으로 추정된다. 국민 4명 중 1명(25.4%)이 동물을 키우고 있다. 동물 숫자가 늘면서 개 물림 사고, 아파트 층간소음이나 배설물 민원, 동물 학대와 유기 등이 사회적 문제로 떠오르고 있다. 이에 비반려인을 중심으로 반려동물 사육세를 도입해야 한다는 주장이 꾸준히 제기돼 왔다. 반려동물을 보유한 가구에 세금을 부과해 반려인의 조건을 강화하고 책임을 높이는 방식으로 동물권을 보호해야 한다는 것이다. 실제로 2006년 ‘반려동물 부담금법’이 국회에 발의됐다. 반려인이 동물 1마리당 10만원의 부담금을 내는 게 법안의 골자였지만 동물단체 반발로 폐기됐다. 2년 뒤인 2008년 기획재정부는 이듬해 경제운용방향을 발표하면서 지방자치단체가 자율적으로 조례에 지방세 세목을 신설할 수 있도록 했다. 신규 세목 가운데 하나로 애견세가 지목되자 다시 한번 국민적 저항이 일었다. 이후 농식품부는 2020년 동물복지 종합계획을 발표하며 “2022년부터 반려동물 보유세 또는 부담금 도입 등을 검토하겠다”고 재차 밝혔지만 결국 흐지부지됐다.','2023-09-24 00:29:06.000000',NULL,'\'커지는 ‘반려동물세’ 도입 목소리…정부도 \'필요 시 검토\'',1,8,2),
(725,'감사합니다','2023-09-24 00:38:46.000000',NULL,'tip test',0,1,4),
(726,'감사합니다','2023-09-24 00:38:46.000000',NULL,'tip test',0,1,4),
(727,'감사합니다','2023-09-24 00:38:46.000000',NULL,'tip test',0,1,4),
(728,'감사합니다','2023-09-24 00:38:46.000000',NULL,'tip test',0,1,4),
(729,'감사합니다','2023-09-24 00:38:46.000000',NULL,'tip test',0,1,4),
(730,'감사합니다','2023-09-24 00:38:46.000000',NULL,'tip test',0,1,4),
(731,'감사합니다','2023-09-24 00:38:46.000000',NULL,'tip test',0,1,4),
(732,'감사합니다','2023-09-24 00:38:46.000000',NULL,'tip test',0,1,4),
(733,'감사합니다','2023-09-24 00:38:46.000000',NULL,'tip test',0,1,4),
(734,'감사합니다','2023-09-24 00:38:46.000000',NULL,'tip test',0,1,4),
(735,'감사합니다','2023-09-24 00:38:47.000000',NULL,'tip test',0,1,4),
(736,'감사합니다','2023-09-24 00:38:47.000000',NULL,'tip test',0,1,4),
(737,'감사합니다','2023-09-24 00:38:47.000000',NULL,'tip test',0,1,4),
(738,'감사합니다','2023-09-24 00:38:47.000000',NULL,'tip test',0,1,4),
(739,'감사합니다','2023-09-24 00:38:47.000000',NULL,'tip test',0,1,4),
(740,'감사합니다','2023-09-24 00:38:47.000000',NULL,'tip test',0,1,4),
(741,'감사합니다','2023-09-24 00:38:47.000000',NULL,'tip test',0,1,4),
(742,'감사합니다','2023-09-24 00:38:47.000000',NULL,'tip test',0,1,4),
(743,'감사합니다','2023-09-24 00:38:47.000000',NULL,'tip test',0,1,4),
(744,'감사합니다','2023-09-24 00:38:47.000000',NULL,'tip test',0,1,4),
(745,'감사합니다','2023-09-24 00:38:48.000000',NULL,'tip test',0,1,4),
(746,'감사합니다','2023-09-24 00:38:48.000000',NULL,'tip test',0,1,4),
(747,'감사합니다','2023-09-24 00:38:48.000000',NULL,'tip test',0,1,4),
(748,'감사합니다','2023-09-24 00:38:48.000000',NULL,'tip test',0,1,4),
(749,'감사합니다','2023-09-24 00:38:48.000000',NULL,'tip test',0,1,4),
(750,'감사합니다','2023-09-24 00:38:48.000000',NULL,'tip test',0,1,4),
(751,'감사합니다','2023-09-24 00:38:48.000000',NULL,'tip test',0,1,4),
(752,'감사합니다','2023-09-24 00:38:48.000000',NULL,'tip test',0,1,4),
(753,'감사합니다','2023-09-24 00:38:48.000000',NULL,'tip test',0,1,4),
(754,'감사합니다','2023-09-24 00:38:48.000000',NULL,'tip test',0,1,4),
(755,'감사합니다','2023-09-24 00:38:48.000000',NULL,'tip test',0,1,4),
(756,'감사합니다','2023-09-24 00:38:48.000000',NULL,'tip test',0,1,4),
(757,'감사합니다','2023-09-24 00:38:48.000000',NULL,'tip test',0,1,4),
(758,'감사합니다','2023-09-24 00:38:48.000000',NULL,'tip test',0,1,4),
(759,'감사합니다','2023-09-24 00:38:48.000000',NULL,'tip test',0,1,4),
(760,'감사합니다','2023-09-24 00:38:48.000000',NULL,'tip test',0,1,4),
(761,'감사합니다','2023-09-24 00:38:48.000000',NULL,'tip test',0,1,4),
(762,'감사합니다','2023-09-24 00:38:48.000000',NULL,'tip test',0,1,4),
(763,'감사합니다','2023-09-24 00:38:48.000000',NULL,'tip test',0,1,4),
(764,'감사합니다','2023-09-24 00:38:48.000000',NULL,'tip test',0,1,4),
(765,'감사합니다','2023-09-24 00:38:48.000000',NULL,'tip test',0,1,4),
(766,'감사합니다','2023-09-24 00:38:48.000000',NULL,'tip test',0,1,4),
(767,'감사합니다','2023-09-24 00:38:48.000000',NULL,'tip test',0,1,4),
(768,'감사합니다','2023-09-24 00:38:48.000000',NULL,'tip test',0,1,4),
(769,'감사합니다','2023-09-24 00:38:48.000000',NULL,'tip test',0,1,4),
(770,'감사합니다','2023-09-24 00:38:48.000000',NULL,'tip test',0,1,4),
(771,'감사합니다','2023-09-24 00:38:48.000000',NULL,'tip test',0,1,4),
(772,'감사합니다','2023-09-24 00:38:48.000000',NULL,'tip test',0,1,4),
(773,'감사합니다','2023-09-24 00:38:48.000000',NULL,'tip test',0,1,4),
(774,'감사합니다','2023-09-24 00:38:48.000000',NULL,'tip test',0,1,4),
(775,'감사합니다','2023-09-24 00:38:49.000000',NULL,'tip test',0,1,4),
(776,'감사합니다','2023-09-24 00:38:49.000000',NULL,'tip test',0,1,4),
(777,'감사합니다','2023-09-24 00:38:49.000000',NULL,'tip test',0,1,4),
(778,'감사합니다','2023-09-24 00:38:49.000000',NULL,'tip test',0,1,4),
(779,'감사합니다','2023-09-24 00:38:49.000000',NULL,'tip test',0,1,4),
(780,'감사합니다','2023-09-24 00:38:49.000000',NULL,'tip test',0,1,4),
(781,'감사합니다','2023-09-24 00:38:49.000000',NULL,'tip test',0,1,4),
(782,'감사합니다','2023-09-24 00:38:49.000000',NULL,'tip test',0,1,4),
(783,'감사합니다','2023-09-24 00:38:49.000000',NULL,'tip test',0,1,4),
(784,'감사합니다','2023-09-24 00:38:49.000000',NULL,'tip test',0,1,4),
(785,'감사합니다','2023-09-24 00:38:49.000000',NULL,'tip test',0,1,4),
(786,'감사합니다','2023-09-24 00:38:49.000000',NULL,'tip test',0,1,4),
(787,'감사합니다','2023-09-24 00:38:49.000000',NULL,'tip test',0,1,4),
(788,'감사합니다','2023-09-24 00:38:49.000000',NULL,'tip test',0,1,4),
(789,'감사합니다','2023-09-24 00:38:49.000000',NULL,'tip test',0,1,4),
(790,'감사합니다','2023-09-24 00:38:49.000000',NULL,'tip test',0,1,4),
(791,'감사합니다','2023-09-24 00:38:49.000000',NULL,'tip test',0,1,4),
(792,'감사합니다','2023-09-24 00:38:49.000000',NULL,'tip test',0,1,4),
(793,'감사합니다','2023-09-24 00:38:49.000000',NULL,'tip test',0,1,4),
(794,'감사합니다','2023-09-24 00:38:49.000000',NULL,'tip test',0,1,4),
(795,'감사합니다','2023-09-24 00:45:48.000000',NULL,'자유 게시판 test',0,1,3),
(796,'감사합니다','2023-09-24 00:45:48.000000',NULL,'자유 게시판 test',0,1,3),
(797,'감사합니다','2023-09-24 00:45:48.000000',NULL,'자유 게시판 test',0,1,3),
(798,'감사합니다','2023-09-24 00:45:48.000000',NULL,'자유 게시판 test',0,1,3),
(799,'감사합니다','2023-09-24 00:45:48.000000',NULL,'자유 게시판 test',0,1,3),
(800,'감사합니다','2023-09-24 00:45:48.000000',NULL,'자유 게시판 test',0,1,3),
(801,'감사합니다','2023-09-24 00:45:48.000000',NULL,'자유 게시판 test',0,1,3),
(802,'감사합니다','2023-09-24 00:45:48.000000',NULL,'자유 게시판 test',0,1,3),
(803,'감사합니다','2023-09-24 00:45:48.000000',NULL,'자유 게시판 test',0,1,3),
(804,'감사합니다','2023-09-24 00:45:49.000000',NULL,'자유 게시판 test',0,1,3),
(805,'감사합니다','2023-09-24 00:45:49.000000',NULL,'자유 게시판 test',0,1,3),
(806,'감사합니다','2023-09-24 00:45:49.000000',NULL,'자유 게시판 test',0,1,3),
(807,'감사합니다','2023-09-24 00:45:49.000000',NULL,'자유 게시판 test',0,1,3),
(808,'감사합니다','2023-09-24 00:45:49.000000',NULL,'자유 게시판 test',0,1,3),
(809,'감사합니다','2023-09-24 00:45:49.000000',NULL,'자유 게시판 test',0,1,3),
(810,'감사합니다','2023-09-24 00:45:49.000000',NULL,'자유 게시판 test',0,1,3),
(811,'감사합니다','2023-09-24 00:45:49.000000',NULL,'자유 게시판 test',0,1,3),
(812,'감사합니다','2023-09-24 00:45:49.000000',NULL,'자유 게시판 test',0,1,3),
(813,'감사합니다','2023-09-24 00:45:49.000000',NULL,'자유 게시판 test',0,1,3),
(814,'감사합니다','2023-09-24 00:45:49.000000',NULL,'자유 게시판 test',0,1,3),
(815,'감사합니다','2023-09-24 00:45:49.000000',NULL,'자유 게시판 test',0,1,3),
(816,'감사합니다','2023-09-24 00:45:49.000000',NULL,'자유 게시판 test',0,1,3),
(817,'감사합니다','2023-09-24 00:45:49.000000',NULL,'자유 게시판 test',0,1,3),
(818,'감사합니다','2023-09-24 00:45:49.000000',NULL,'자유 게시판 test',0,1,3),
(819,'감사합니다','2023-09-24 00:45:49.000000',NULL,'자유 게시판 test',0,1,3),
(820,'감사합니다','2023-09-24 00:45:49.000000',NULL,'자유 게시판 test',0,1,3),
(821,'감사합니다','2023-09-24 00:45:49.000000',NULL,'자유 게시판 test',0,1,3),
(822,'감사합니다','2023-09-24 00:45:49.000000',NULL,'자유 게시판 test',0,1,3),
(823,'감사합니다','2023-09-24 00:45:49.000000',NULL,'자유 게시판 test',0,1,3),
(824,'감사합니다','2023-09-24 00:45:49.000000',NULL,'자유 게시판 test',0,1,3),
(825,'감사합니다','2023-09-24 00:45:49.000000',NULL,'자유 게시판 test',0,1,3),
(826,'감사합니다','2023-09-24 00:45:49.000000',NULL,'자유 게시판 test',0,1,3),
(827,'감사합니다','2023-09-24 00:45:49.000000',NULL,'자유 게시판 test',0,1,3),
(828,'감사합니다','2023-09-24 00:45:49.000000',NULL,'자유 게시판 test',0,1,3),
(829,'감사합니다','2023-09-24 00:45:49.000000',NULL,'자유 게시판 test',0,1,3),
(830,'감사합니다','2023-09-24 00:45:49.000000',NULL,'자유 게시판 test',0,1,3),
(831,'감사합니다','2023-09-24 00:45:50.000000',NULL,'자유 게시판 test',0,1,3),
(832,'감사합니다','2023-09-24 00:45:50.000000',NULL,'자유 게시판 test',0,1,3),
(833,'감사합니다','2023-09-24 00:45:50.000000',NULL,'자유 게시판 test',0,1,3),
(834,'감사합니다','2023-09-24 00:45:50.000000',NULL,'자유 게시판 test',0,1,3),
(835,'감사합니다','2023-09-24 00:45:50.000000',NULL,'자유 게시판 test',0,1,3),
(836,'감사합니다','2023-09-24 00:45:50.000000',NULL,'자유 게시판 test',0,1,3),
(837,'감사합니다','2023-09-24 00:45:50.000000',NULL,'자유 게시판 test',0,1,3),
(838,'감사합니다','2023-09-24 00:45:50.000000',NULL,'자유 게시판 test',0,1,3),
(839,'감사합니다','2023-09-24 00:45:50.000000',NULL,'자유 게시판 test',0,1,3),
(840,'감사합니다','2023-09-24 00:45:50.000000',NULL,'자유 게시판 test',0,1,3),
(841,'감사합니다','2023-09-24 00:45:50.000000',NULL,'자유 게시판 test',0,1,3),
(842,'감사합니다','2023-09-24 00:45:50.000000',NULL,'자유 게시판 test',0,1,3),
(843,'감사합니다','2023-09-24 00:45:50.000000',NULL,'자유 게시판 test',0,1,3),
(844,'감사합니다','2023-09-24 00:45:50.000000',NULL,'자유 게시판 test',0,1,3),
(845,'감사합니다','2023-09-24 00:45:50.000000',NULL,'자유 게시판 test',0,1,3),
(846,'감사합니다','2023-09-24 00:45:50.000000',NULL,'자유 게시판 test',0,1,3),
(847,'감사합니다','2023-09-24 00:45:50.000000',NULL,'자유 게시판 test',0,1,3),
(848,'감사합니다','2023-09-24 00:45:50.000000',NULL,'자유 게시판 test',0,1,3),
(849,'감사합니다','2023-09-24 00:45:50.000000',NULL,'자유 게시판 test',0,1,3),
(850,'감사합니다','2023-09-24 00:45:50.000000',NULL,'자유 게시판 test',0,1,3),
(851,'감사합니다','2023-09-24 00:45:50.000000',NULL,'자유 게시판 test',0,1,3),
(852,'감사합니다','2023-09-24 00:45:50.000000',NULL,'자유 게시판 test',0,1,3),
(853,'감사합니다','2023-09-24 00:45:50.000000',NULL,'자유 게시판 test',0,1,3),
(854,'감사합니다','2023-09-24 00:45:50.000000',NULL,'자유 게시판 test',0,1,3),
(855,'감사합니다','2023-09-24 00:45:50.000000',NULL,'자유 게시판 test',0,1,3),
(856,'감사합니다','2023-09-24 00:45:50.000000',NULL,'자유 게시판 test',0,1,3),
(857,'감사합니다','2023-09-24 00:45:50.000000',NULL,'자유 게시판 test',0,1,3),
(858,'감사합니다','2023-09-24 00:45:50.000000',NULL,'자유 게시판 test',0,1,3),
(859,'감사합니다','2023-09-24 00:45:50.000000',NULL,'자유 게시판 test',0,1,3),
(860,'감사합니다','2023-09-24 00:45:50.000000',NULL,'자유 게시판 test',0,1,3),
(861,'감사합니다','2023-09-24 00:45:50.000000',NULL,'자유 게시판 test',0,1,3),
(862,'감사합니다','2023-09-24 00:45:51.000000',NULL,'자유 게시판 test',0,1,3),
(863,'감사합니다','2023-09-24 00:45:51.000000',NULL,'자유 게시판 test',0,1,3),
(864,'감사합니다','2023-09-24 00:45:51.000000',NULL,'자유 게시판 test',0,1,3),
(865,'감사합니다','2023-09-24 00:45:51.000000',NULL,'자유 게시판 test',0,1,3),
(866,'감사합니다','2023-09-24 00:45:51.000000',NULL,'자유 게시판 test',0,1,3),
(867,'감사합니다','2023-09-24 00:45:51.000000',NULL,'자유 게시판 test',0,1,3),
(868,'감사합니다','2023-09-24 00:45:51.000000',NULL,'자유 게시판 test',0,1,3),
(869,'감사합니다','2023-09-24 00:45:51.000000',NULL,'자유 게시판 test',0,1,3),
(870,'감사합니다','2023-09-24 00:45:51.000000',NULL,'자유 게시판 test',0,1,3),
(871,'감사합니다','2023-09-24 00:45:51.000000',NULL,'자유 게시판 test',0,1,3),
(872,'감사합니다','2023-09-24 00:45:51.000000',NULL,'자유 게시판 test',0,1,3),
(873,'감사합니다','2023-09-24 00:45:51.000000',NULL,'자유 게시판 test',0,1,3),
(874,'감사합니다','2023-09-24 00:45:51.000000',NULL,'자유 게시판 test',0,1,3),
(875,'감사합니다','2023-09-24 00:45:51.000000',NULL,'자유 게시판 test',0,1,3),
(876,'감사합니다','2023-09-24 00:45:51.000000',NULL,'자유 게시판 test',0,1,3),
(877,'감사합니다','2023-09-24 00:45:51.000000',NULL,'자유 게시판 test',0,1,3),
(878,'감사합니다','2023-09-24 00:45:51.000000',NULL,'자유 게시판 test',0,1,3),
(879,'감사합니다','2023-09-24 00:45:51.000000',NULL,'자유 게시판 test',0,1,3),
(880,'감사합니다','2023-09-24 00:45:51.000000',NULL,'자유 게시판 test',0,1,3),
(881,'감사합니다','2023-09-24 00:45:51.000000',NULL,'자유 게시판 test',0,1,3),
(882,'감사합니다','2023-09-24 00:45:51.000000',NULL,'자유 게시판 test',0,1,3),
(883,'감사합니다','2023-09-24 00:45:51.000000',NULL,'자유 게시판 test',0,1,3),
(884,'감사합니다','2023-09-24 00:45:51.000000',NULL,'자유 게시판 test',0,1,3),
(886,'감사합니다','2023-09-24 00:45:52.000000',NULL,'자유 게시판 test',1,1,3),
(887,'감사합니다','2023-09-24 00:45:52.000000',NULL,'자유 게시판 test',0,1,3),
(888,'감사합니다','2023-09-24 00:45:52.000000',NULL,'자유 게시판 test',0,1,3),
(889,'감사합니다','2023-09-24 00:45:52.000000',NULL,'자유 게시판 test',0,1,3),
(890,'감사합니다','2023-09-24 00:45:52.000000',NULL,'자유 게시판 test',0,1,3),
(891,'감사합니다','2023-09-24 00:45:52.000000',NULL,'자유 게시판 test',0,1,3),
(892,'감사합니다','2023-09-24 00:45:52.000000',NULL,'자유 게시판 test',0,1,3),
(893,'감사합니다','2023-09-24 00:45:52.000000',NULL,'자유 게시판 test',0,1,3),
(894,'질문입니다','2023-09-24 01:17:17.434867',NULL,'아니',0,2,6),
(895,'ㄴㅇㄹㄴㅇㄹ','2023-09-24 01:18:12.923142',NULL,'ㅁㄴㅇ',0,2,6),
(896,'글입니다','2023-09-24 01:47:12.033416','2023-09-24 02:17:10.458701','자유 게시판 글입니다',5,2,3),
(897,'글입니다','2023-09-24 01:47:27.701884',NULL,'팁 게시판',0,2,4),
(898,'질문게시판','2023-09-24 01:49:45.991242',NULL,'질문드립니다',0,2,6);

/*Table structure for table `site_user` */

DROP TABLE IF EXISTS `site_user`;

CREATE TABLE `site_user` (
  `id` bigint(20) NOT NULL AUTO_INCREMENT,
  `email` varchar(255) DEFAULT NULL,
  `nickname` varchar(255) DEFAULT NULL,
  `password` varchar(255) DEFAULT NULL,
  `username` varchar(255) DEFAULT NULL,
  PRIMARY KEY (`id`),
  UNIQUE KEY `UK_8vlkw482t3gpnebxcm03ywk9p` (`email`),
  UNIQUE KEY `UK_jerlw3g2urnh55wcrm2b5kqnj` (`username`)
) ENGINE=InnoDB AUTO_INCREMENT=9 DEFAULT CHARSET=utf8mb4 COLLATE=utf8mb4_general_ci;

/*Data for the table `site_user` */

insert  into `site_user`(`id`,`email`,`nickname`,`password`,`username`) values 
(1,NULL,'김성훈','$2a$10$EqoUfyOZ19I2MgPjhvYCfOgpYu5mobD0eeNXfuMv8QVJQ/BxXc/Cu','KAKAO__3027438278'),
(2,'123@ad','14123','$2a$10$OUW.6VUeYEtBx2PBdbq5dOj9ueBAtlAkmIcjH9c0Gi3qogcyCLAEu','user14'),
(6,NULL,'dsfsd','$2a$10$Pr.iJWM42EcgiT3HQIuMvOJn9V6qEfLvtV8vvGklQ6hdXM6MyN62a','admina'),
(8,NULL,'admin','$2a$10$iolOOBeC5c6RVCnmWEE0d.wNMiR2tnBzG6suanGt3njhtjyGqbnbC','admin');

/*!40101 SET SQL_MODE=@OLD_SQL_MODE */;
/*!40014 SET FOREIGN_KEY_CHECKS=@OLD_FOREIGN_KEY_CHECKS */;
/*!40014 SET UNIQUE_CHECKS=@OLD_UNIQUE_CHECKS */;
/*!40111 SET SQL_NOTES=@OLD_SQL_NOTES */;
